[
  {
    "Abbr": "CROCS",
    "Name": "Copperfield Crocodiles"
  },
  {
    "Abbr": "CHILL",
    "Name": "Cumberland Hill Catfish"
  },
  {
    "Abbr": "KT",
    "Name": "Keene Trace Ducks"
  },
  {
    "Abbr": "FIRE",
    "Name": "Firebrook Firefish"
  },
  {
    "Abbr": "MSMR",
    "Name": "Masterson Station Manta Rays"
  },
  {
    "Abbr": "PAL",
    "Name": "Palomar Piranhas"
  },
  {
    "Abbr": "PIN",
    "Name": "Pinnacle Pirates"
  },
  {
    "Abbr": "WAHOO",
    "Name": "Waterford Waverunners"
  },
  {
    "Abbr": "WIL",
    "Name": "Wilmore Dolphins"
  }
]